[
  {
    "pk": 1,
    "model": "questions.programquestionnaire",
    "fields": {
      "name": "HIV/AIDs Follow up",
      "notes": null,
      "detail": "A compulsory questionnaire for diagnosed registered HIV patients",
      "program": 2,
      "date_created": "2012-06-06T16:19:37.058",
      "intro": "HIV Checkup"
    }
  },
  {
    "pk": 1,
    "model": "questions.questionset",
    "fields": {
      "date_created": "2012-06-06T23:27:48.322",
      "questionnaire": 1,
      "answerable_by": "patient",
      "label": "HIV/AIDs"
    }
  },
  {
    "pk": 2,
    "model": "questions.questionset",
    "fields": {
      "date_created": "2012-06-06T21:59:38.916",
      "questionnaire": 1,
      "answerable_by": "patient",
      "label": "Diarrhoea"
    }
  },
  {
    "pk": 3,
    "model": "questions.questionset",
    "fields": {
      "date_created": "2012-05-26T19:07:49.172",
      "questionnaire": 1,
      "answerable_by": null,
      "label": "ART"
    }
  },
  {
    "pk": 4,
    "model": "questions.questionset",
    "fields": {
      "date_created": "2012-05-26T19:07:59.637",
      "questionnaire": 1,
      "answerable_by": null,
      "label": "Liver function"
    }
  },
  {
    "pk": 5,
    "model": "questions.questionset",
    "fields": {
      "date_created": "2012-05-26T19:08:23.495",
      "questionnaire": 1,
      "answerable_by": null,
      "label": "Tiredness or Weakness"
    }
  },
  {
    "pk": 6,
    "model": "questions.questionset",
    "fields": {
      "date_created": "2012-05-26T19:08:31.823",
      "questionnaire": 1,
      "answerable_by": null,
      "label": "Eyes"
    }
  },
  {
    "pk": 7,
    "model": "questions.questionset",
    "fields": {
      "date_created": "2012-05-26T19:08:44.051",
      "questionnaire": 1,
      "answerable_by": null,
      "label": "Tuberculosis"
    }
  },
  {
    "pk": 9,
    "model": "questions.questionset",
    "fields": {
      "date_created": "2012-05-26T19:09:04.839",
      "questionnaire": 1,
      "answerable_by": null,
      "label": "Blood test"
    }
  },
  {
    "pk": 10,
    "model": "questions.questionset",
    "fields": {
      "date_created": "2012-05-26T19:09:13.392",
      "questionnaire": 1,
      "answerable_by": null,
      "label": "Vaccinations"
    }
  },
  {
    "pk": 12,
    "model": "questions.questionset",
    "fields": {
      "date_created": "2012-05-26T19:09:25.513",
      "questionnaire": 1,
      "answerable_by": null,
      "label": "Vitamins"
    }
  },
  {
    "pk": 13,
    "model": "questions.questionset",
    "fields": {
      "date_created": "2012-05-26T19:09:32.821",
      "questionnaire": 1,
      "answerable_by": null,
      "label": "Viral load"
    }
  },
  {
    "pk": 14,
    "model": "questions.questionset",
    "fields": {
      "date_created": "2012-05-26T19:09:39.470",
      "questionnaire": 1,
      "answerable_by": null,
      "label": "CD4"
    }
  },
  {
    "pk": 15,
    "model": "questions.questionset",
    "fields": {
      "date_created": "2012-05-26T19:09:47.930",
      "questionnaire": 1,
      "answerable_by": null,
      "label": "Condoms"
    }
  },
  {
    "pk": 16,
    "model": "questions.questionset",
    "fields": {
      "date_created": "2012-05-26T19:09:53.637",
      "questionnaire": 1,
      "answerable_by": null,
      "label": "Cough"
    }
  },
  {
    "pk": 17,
    "model": "questions.questionset",
    "fields": {
      "date_created": "2012-05-26T19:10:06.534",
      "questionnaire": 1,
      "answerable_by": null,
      "label": "Fluids"
    }
  },
  {
    "pk": 18,
    "model": "questions.questionset",
    "fields": {
      "date_created": "2012-05-26T19:10:17.675",
      "questionnaire": 1,
      "answerable_by": null,
      "label": "Thrush"
    }
  },
  {
    "pk": 19,
    "model": "questions.questionset",
    "fields": {
      "date_created": "2012-05-26T19:10:26.342",
      "questionnaire": 1,
      "answerable_by": null,
      "label": "Lower extremities"
    }
  },
  {
    "pk": 21,
    "model": "questions.questionset",
    "fields": {
      "date_created": "2012-05-26T19:10:50.913",
      "questionnaire": 1,
      "answerable_by": null,
      "label": "Prophylactic Therapy"
    }
  },
  {
    "pk": 1,
    "model": "questions.question",
    "fields": {
      "text": "Haemoglobin(HB) value g/dl",
      "choices": "",
      "type": "text",
      "choice_explicit": false,
      "questionset": 9
    }
  },
  {
    "pk": 2,
    "model": "questions.question",
    "fields": {
      "text": "Have thrush",
      "choices": "",
      "type": "yes-no",
      "choice_explicit": false,
      "questionset": 18
    }
  },
  {
    "pk": 3,
    "model": "questions.question",
    "fields": {
      "text": "Have TB",
      "choices": "",
      "type": "yes-no",
      "choice_explicit": false,
      "questionset": 7
    }
  },
  {
    "pk": 4,
    "model": "questions.question",
    "fields": {
      "text": "White cell count (WCC) value",
      "choices": "",
      "type": "text",
      "choice_explicit": false,
      "questionset": 9
    }
  },
  {
    "pk": 5,
    "model": "questions.question",
    "fields": {
      "text": "Experience tiredness or weakness",
      "choices": "",
      "type": "yes-no",
      "choice_explicit": false,
      "questionset": 5
    }
  },
  {
    "pk": 6,
    "model": "questions.question",
    "fields": {
      "text": "Red cell count (RCC) value",
      "choices": "",
      "type": "text",
      "choice_explicit": false,
      "questionset": 9
    }
  },
  {
    "pk": 7,
    "model": "questions.question",
    "fields": {
      "text": "Use",
      "choices": "",
      "type": "yes-no",
      "choice_explicit": false,
      "questionset": 15
    }
  },
  {
    "pk": 8,
    "model": "questions.question",
    "fields": {
      "text": "On ART",
      "choices": "",
      "type": "yes-no",
      "choice_explicit": false,
      "questionset": 3
    }
  },
  {
    "pk": 9,
    "model": "questions.question",
    "fields": {
      "text": "On medication",
      "choices": "",
      "type": "yes-no",
      "choice_explicit": false,
      "questionset": 7
    }
  },
  {
    "pk": 10,
    "model": "questions.question",
    "fields": {
      "text": "On Therapy",
      "choices": "",
      "type": "yes-no",
      "choice_explicit": false,
      "questionset": 21
    }
  },
  {
    "pk": 11,
    "model": "questions.question",
    "fields": {
      "text": "Platelet count",
      "choices": "",
      "type": "number",
      "choice_explicit": false,
      "questionset": 9
    }
  },
  {
    "pk": 12,
    "model": "questions.question",
    "fields": {
      "text": "Problems",
      "choices": "",
      "type": "text",
      "choice_explicit": false,
      "questionset": 6
    }
  },
  {
    "pk": 13,
    "model": "questions.question",
    "fields": {
      "text": "Persistent",
      "choices": "",
      "type": "yes-no",
      "choice_explicit": false,
      "questionset": 16
    }
  },
  {
    "pk": 14,
    "model": "questions.question",
    "fields": {
      "text": "Prg compliant",
      "choices": "",
      "type": "yes-no",
      "choice_explicit": false,
      "questionset": 1
    }
  },
  {
    "pk": 15,
    "model": "questions.question",
    "fields": {
      "text": "Adhere to treatment plan",
      "choices": "",
      "type": "yes-no",
      "choice_explicit": false,
      "questionset": 1
    }
  },
  {
    "pk": 16,
    "model": "questions.question",
    "fields": {
      "text": "Admitted to Hospital",
      "choices": "",
      "type": "yes-no",
      "choice_explicit": false,
      "questionset": 1
    }
  },
  {
    "pk": 17,
    "model": "questions.question",
    "fields": {
      "text": "Alanine Aminotransferase (ALT) value iu/L",
      "choices": "",
      "type": "text",
      "choice_explicit": false,
      "questionset": 4
    }
  },
  {
    "pk": 18,
    "model": "questions.question",
    "fields": {
      "text": "Alkaline Phosphate",
      "choices": "",
      "type": "text",
      "choice_explicit": false,
      "questionset": 4
    }
  },
  {
    "pk": 19,
    "model": "questions.question",
    "fields": {
      "text": "Aspatate Transaminase",
      "choices": "",
      "type": "text",
      "choice_explicit": false,
      "questionset": 4
    }
  },
  {
    "pk": 20,
    "model": "questions.question",
    "fields": {
      "text": "Aspatate Transaminase (AST) (SGOT) value iu/L",
      "choices": "",
      "type": "text",
      "choice_explicit": false,
      "questionset": 4
    }
  },
  {
    "pk": 21,
    "model": "questions.question",
    "fields": {
      "text": "Sputum",
      "choices": "",
      "type": "yes-no",
      "choice_explicit": false,
      "questionset": 16
    }
  },
  {
    "pk": 22,
    "model": "questions.question",
    "fields": {
      "text": "Specify",
      "choices": "",
      "type": "text",
      "choice_explicit": false,
      "questionset": 16
    }
  },
  {
    "pk": 23,
    "model": "questions.question",
    "fields": {
      "text": "Specify",
      "choices": "Infection,Pain,Ulceration,Reduced Sensation,Other",
      "type": "choice",
      "choice_explicit": false,
      "questionset": 19
    }
  },
  {
    "pk": 24,
    "model": "questions.question",
    "fields": {
      "text": "Specify",
      "choices": "",
      "type": "choice",
      "choice_explicit": false,
      "questionset": 18
    }
  },
  {
    "pk": 25,
    "model": "questions.question",
    "fields": {
      "text": "Specify",
      "choices": "",
      "type": "choice",
      "choice_explicit": false,
      "questionset": 21
    }
  },
  {
    "pk": 27,
    "model": "questions.question",
    "fields": {
      "text": "Started",
      "choices": "",
      "type": "datetime",
      "choice_explicit": false,
      "questionset": 7
    }
  },
  {
    "pk": 28,
    "model": "questions.question",
    "fields": {
      "text": "Started",
      "choices": "",
      "type": "datetime",
      "choice_explicit": false,
      "questionset": 3
    }
  },
  {
    "pk": 29,
    "model": "questions.question",
    "fields": {
      "text": "Use",
      "choices": "",
      "type": "yes-no",
      "choice_explicit": false,
      "questionset": 12
    }
  },
  {
    "pk": 30,
    "model": "questions.question",
    "fields": {
      "text": "Specify",
      "choices": "",
      "type": "text",
      "choice_explicit": false,
      "questionset": 12
    }
  },
  {
    "pk": 31,
    "model": "questions.question",
    "fields": {
      "text": "Last tested",
      "choices": "",
      "type": "datetime",
      "choice_explicit": false,
      "questionset": 14
    }
  },
  {
    "pk": 32,
    "model": "questions.question",
    "fields": {
      "text": "Last tested",
      "choices": "",
      "type": "datetime",
      "choice_explicit": false,
      "questionset": 9
    }
  },
  {
    "pk": 33,
    "model": "questions.question",
    "fields": {
      "text": "Last CD4 count cell/uL",
      "choices": "",
      "type": "text",
      "choice_explicit": false,
      "questionset": 14
    }
  },
  {
    "pk": 34,
    "model": "questions.question",
    "fields": {
      "text": "Last FLU",
      "choices": "",
      "type": "datetime",
      "choice_explicit": false,
      "questionset": 10
    }
  },
  {
    "pk": 35,
    "model": "questions.question",
    "fields": {
      "text": "Last Pneumococcal",
      "choices": "",
      "type": "datetime",
      "choice_explicit": false,
      "questionset": 10
    }
  },
  {
    "pk": 36,
    "model": "questions.question",
    "fields": {
      "text": "Gamma-Glutamyl Transpeptide (GTT) value iu/L",
      "choices": "",
      "type": "text",
      "choice_explicit": false,
      "questionset": 4
    }
  },
  {
    "pk": 37,
    "model": "questions.question",
    "fields": {
      "text": "Haemoglobin(HB) value g/dl",
      "choices": "",
      "type": "yes-no",
      "choice_explicit": false,
      "questionset": 9
    }
  },
  {
    "pk": 38,
    "model": "questions.question",
    "fields": {
      "text": "Have TB",
      "choices": "",
      "type": "yes-no",
      "choice_explicit": false,
      "questionset": 7
    }
  },
  {
    "pk": 39,
    "model": "questions.question",
    "fields": {
      "text": "Have thrush",
      "choices": "",
      "type": "yes-no",
      "choice_explicit": false,
      "questionset": 18
    }
  },
  {
    "pk": 40,
    "model": "questions.question",
    "fields": {
      "text": "litres per day",
      "choices": "",
      "type": "number",
      "choice_explicit": false,
      "questionset": 17
    }
  },
  {
    "pk": 41,
    "model": "questions.question",
    "fields": {
      "text": "Look",
      "choices": "",
      "type": "text",
      "choice_explicit": false,
      "questionset": 16
    }
  },
  {
    "pk": 42,
    "model": "questions.question",
    "fields": {
      "text": "Other drugs",
      "choices": "",
      "type": "text",
      "choice_explicit": false,
      "questionset": 21
    }
  },
  {
    "pk": 43,
    "model": "questions.question",
    "fields": {
      "text": "Bilirubin value UMOL/L",
      "choices": "",
      "type": "text",
      "choice_explicit": false,
      "questionset": 4
    }
  },
  {
    "pk": 44,
    "model": "questions.question",
    "fields": {
      "text": "Neutrophils abs value",
      "choices": "",
      "type": "text",
      "choice_explicit": false,
      "questionset": 4
    }
  },
  {
    "pk": 45,
    "model": "questions.question",
    "fields": {
      "text": "Viral load value copies/ml",
      "choices": "",
      "type": "text",
      "choice_explicit": false,
      "questionset": 13
    }
  },
  {
    "pk": 46,
    "model": "questions.question",
    "fields": {
      "text": "Complications",
      "choices": "",
      "type": "yes-no",
      "choice_explicit": false,
      "questionset": 1
    }
  },
  {
    "pk": 47,
    "model": "questions.question",
    "fields": {
      "text": "Stage",
      "choices": "1,2,3,4,5",
      "type": "choice",
      "choice_explicit": false,
      "questionset": 1
    }
  },
  {
    "pk": 48,
    "model": "questions.question",
    "fields": {
      "text": "Experienced Diarrhoea",
      "choices": "",
      "type": "yes-no",
      "choice_explicit": false,
      "questionset": 2
    }
  },
  {
    "pk": 1,
    "model": "questions.patientprogramquestionnaire",
    "fields": {
      "questionnaire": 1,
      "completed": false,
      "enrolled_program": 1,
      "updated_at": "2012-05-26T19:30:51.024"
    }
  },
  {
    "pk": 1,
    "model": "questions.response",
    "fields": {
      "question": 47,
      "patient": 1,
      "value": "2",
      "answer_by": 1
    }
  },
  {
    "pk": 2,
    "model": "questions.response",
    "fields": {
      "question": 47,
      "patient": 1,
      "value": "2",
      "answer_by": 1
    }
  },
  {
    "pk": 3,
    "model": "questions.response",
    "fields": {
      "question": 47,
      "patient": 1,
      "value": "",
      "answer_by": 1
    }
  },
  {
    "pk": 4,
    "model": "questions.response",
    "fields": {
      "question": 48,
      "patient": 1,
      "value": "on",
      "answer_by": 1
    }
  }
]