[{"pk": 1, "model": "core.relationshiptype", "fields": {"preffered": false, "date_created": "2012-05-21T08:02:47", "b_is_to_a": "Child", "a_is_to_b": "Parent", "date_changed": "2012-05-21T08:02:47"}}, {"pk": 2, "model": "core.relationshiptype", "fields": {"preffered": false, "date_created": "2012-05-21T08:02:58", "b_is_to_a": "Child", "a_is_to_b": "Grandparent", "date_changed": "2012-05-21T08:02:58"}}, {"pk": 3, "model": "core.relationshiptype", "fields": {"preffered": false, "date_created": "2012-05-21T08:03:06", "b_is_to_a": "Cousin", "a_is_to_b": "Cousin", "date_changed": "2012-05-21T08:03:06"}}, {"pk": 4, "model": "core.relationshiptype", "fields": {"preffered": false, "date_created": "2012-05-21T08:03:18", "b_is_to_a": "Niece", "a_is_to_b": "Aunt", "date_changed": "2012-05-21T08:03:18"}}, {"pk": 5, "model": "core.relationshiptype", "fields": {"preffered": false, "date_created": "2012-05-21T08:03:30", "b_is_to_a": "Niece", "a_is_to_b": "Uncle", "date_changed": "2012-05-21T08:03:30"}}, {"pk": 6, "model": "core.relationshiptype", "fields": {"preffered": false, "date_created": "2012-05-21T08:03:40", "b_is_to_a": "Nephew", "a_is_to_b": "Aunt", "date_changed": "2012-05-21T08:03:40"}}, {"pk": 7, "model": "core.relationshiptype", "fields": {"preffered": false, "date_created": "2012-05-21T08:03:46", "b_is_to_a": "Nephew", "a_is_to_b": "Uncle", "date_changed": "2012-05-21T08:03:46"}}, {"pk": 8, "model": "core.relationshiptype", "fields": {"preffered": false, "date_created": "2012-05-21T08:03:56", "b_is_to_a": "Child", "a_is_to_b": "Guardian", "date_changed": "2012-05-21T08:03:56"}}, {"pk": 9, "model": "core.relationshiptype", "fields": {"preffered": false, "date_created": "2012-05-21T08:04:10", "b_is_to_a": "Child", "a_is_to_b": "Foster Parent", "date_changed": "2012-05-21T08:04:10"}}, {"pk": 10, "model": "core.relationshiptype", "fields": {"preffered": false, "date_created": "2012-05-21T08:04:28", "b_is_to_a": "Doctor", "a_is_to_b": "Patient", "date_changed": "2012-05-21T08:04:28"}}, {"pk": 1, "model": "core.relationship", "fields": {"next_of_kin": false, "emergency_contact": false, "person_b": 3, "relationship": 10, "person_a": 2}}, {"pk": 1, "model": "core.country", "fields": {"iso": "KE", "name": "Kenya"}}, {"pk": 1, "model": "core.province", "fields": {"country": 1, "iso": "Nrb", "name": "Nairobi"}}, {"pk": 1, "model": "core.county", "fields": {"province": 1, "iso": "Emb", "name": "Embakassi"}}, {"pk": 1, "model": "core.title", "fields": {"name": "Mr."}}, {"pk": 2, "model": "core.title", "fields": {"name": "Mrs."}}, {"pk": 3, "model": "core.title", "fields": {"name": "Miss"}}, {"pk": 4, "model": "core.title", "fields": {"name": "Dr."}}, {"pk": 5, "model": "core.title", "fields": {"name": "Prof"}}, {"pk": 1, "model": "core.person", "fields": {"province": 1, "first_name": "Onesmus", "last_name": "Mukewa", "middle_name": "Wekalao", "title": 1, "work_phone": "+254736705812", "photo": "", "longitude": "", "county": 1, "mobile_phone": "+254736705812", "postal_code": "30177-00100", "home_phone": "+254736705812", "village": "", "latitude": "", "date_created": "2012-05-21T04:44:26", "country": 1, "date_edited": "2012-05-21T04:18:50"}}, {"pk": 2, "model": "core.person", "fields": {"province": 1, "first_name": "David", "last_name": "Simbiri", "middle_name": "Simbiri", "title": 1, "work_phone": "", "photo": "", "longitude": "", "county": 1, "mobile_phone": "+254735199807", "postal_code": "", "home_phone": "", "village": "", "latitude": "", "date_created": "2012-05-29T23:07:36.309", "country": 1, "date_edited": "2012-05-29T23:07:36.309"}}, {"pk": 3, "model": "core.person", "fields": {"province": 1, "first_name": "Davis", "last_name": "Ambima", "middle_name": "Khaemba", "title": 4, "work_phone": "", "photo": "", "longitude": "", "county": 1, "mobile_phone": "+254721111234", "postal_code": "", "home_phone": "", "village": "", "latitude": "", "date_created": "2012-05-21T07:02:16", "country": 1, "date_edited": "2012-05-21T07:02:16"}}, {"pk": 4, "model": "core.person", "fields": {"province": 1, "first_name": "Mary", "last_name": "Wekasa", "middle_name": "Nafula", "title": 2, "work_phone": "254736705812", "photo": "", "longitude": "", "county": 1, "mobile_phone": "+254721111265", "postal_code": "30177-00100", "home_phone": "254736705812", "village": "", "latitude": "", "date_created": "2012-05-21T04:55:18", "country": 1, "date_edited": "2012-05-21T04:48:39"}}, {"pk": 5, "model": "core.person", "fields": {"province": 1, "first_name": "Edth", "last_name": "Khalai", "middle_name": "Wekalao", "title": 3, "work_phone": "254736705812", "photo": "", "longitude": "", "county": 1, "mobile_phone": "+254721111234", "postal_code": "30177-00100", "home_phone": "254736705812", "village": "", "latitude": "", "date_created": "2012-05-21T04:52:05", "country": 1, "date_edited": "2012-05-21T04:49:45"}}, {"pk": 6, "model": "core.person", "fields": {"province": 1, "first_name": "Davis", "last_name": "Ambima", "middle_name": "Litunya", "title": 1, "work_phone": "254736705812", "photo": "", "longitude": "", "county": 1, "mobile_phone": "+254721111232", "postal_code": "30177-00100", "home_phone": "254736705812", "village": "", "latitude": "", "date_created": "2012-05-21T04:51:44", "country": 1, "date_edited": "2012-05-21T04:50:33"}}, {"pk": 7, "model": "core.person", "fields": {"province": 1, "first_name": "Mary", "last_name": "Khaemba", "middle_name": "Masika", "title": 2, "work_phone": "254736705812", "photo": "", "longitude": "", "county": 1, "mobile_phone": "+254735100807", "postal_code": "30177-00100", "home_phone": "254736705812", "village": "", "latitude": "", "date_created": "2012-05-21T04:55:08", "country": 1, "date_edited": "2012-05-21T04:51:10"}}, {"pk": 8, "model": "core.person", "fields": {"province": 1, "first_name": "Sarah", "last_name": "Muriu", "middle_name": "Madani", "title": 1, "work_phone": "+254736705812", "photo": "", "longitude": null, "county": 1, "mobile_phone": "+254736705812", "postal_code": "30177-00100", "home_phone": "+254736705812", "village": "Kayole", "latitude": null, "date_created": "2012-05-27T10:48:48.106", "country": 1, "date_edited": "2012-05-27T10:48:48.106"}}, {"pk": 9, "model": "core.person", "fields": {"province": 1, "first_name": "Jane", "last_name": "Wekasa", "middle_name": "Kamindi", "title": 1, "work_phone": "", "photo": "", "longitude": "", "county": 1, "mobile_phone": "+25476000444", "postal_code": "", "home_phone": "", "village": "", "latitude": "", "date_created": "2012-05-29T17:52:31.811", "country": 1, "date_edited": "2012-05-29T17:52:31.811"}}, {"pk": 10, "model": "core.person", "fields": {"province": 1, "first_name": "John", "last_name": "Kimani", "middle_name": "Rangi", "title": 2, "work_phone": "", "photo": "", "longitude": "", "county": 1, "mobile_phone": "+25473996265", "postal_code": "", "home_phone": "", "village": "", "latitude": "", "date_created": "2012-05-29T17:50:28.702", "country": 1, "date_edited": "2012-05-29T17:50:28.702"}}, {"pk": 11, "model": "core.person", "fields": {"province": 1, "first_name": "John", "last_name": "Maisiba", "middle_name": "Mluvi", "title": 1, "work_phone": "", "photo": "", "longitude": "", "county": 1, "mobile_phone": "+25472666265", "postal_code": "", "home_phone": "", "village": "", "latitude": "", "date_created": "2012-05-29T17:49:14.463", "country": 1, "date_edited": "2012-05-29T17:49:14.463"}}, {"pk": 12, "model": "core.person", "fields": {"province": 1, "first_name": "Mark", "last_name": "Najimu", "middle_name": "Kisio", "title": 5, "work_phone": "", "photo": "", "longitude": "", "county": 1, "mobile_phone": "+25476993444", "postal_code": "", "home_phone": "", "village": "", "latitude": "", "date_created": "2012-05-29T17:51:33.049", "country": 1, "date_edited": "2012-05-29T17:51:33.049"}}, {"pk": 13, "model": "core.person", "fields": {"province": 1, "first_name": "Onesmus", "last_name": "Khalai", "middle_name": "Mluvi", "title": 2, "work_phone": "", "photo": "", "longitude": "", "county": 1, "mobile_phone": "+25476000444", "postal_code": "", "home_phone": "", "village": "", "latitude": "", "date_created": "2012-05-29T23:46:50.572", "country": 1, "date_edited": "2012-05-29T23:46:50.572"}}, {"pk": 14, "model": "core.person", "fields": {"province": 1, "first_name": "Onesmus", "last_name": "Maisiba", "middle_name": "Nafula", "title": 1, "work_phone": "", "photo": "", "longitude": "", "county": 1, "mobile_phone": "+25476000444", "postal_code": "", "home_phone": "", "village": "", "latitude": "", "date_created": "2012-05-29T20:14:49.342", "country": 1, "date_edited": "2012-05-29T20:14:49.342"}}, {"pk": 1, "model": "core.userprofile", "fields": {"national_id": "", "user": 1}}, {"pk": 2, "model": "core.userprofile", "fields": {"national_id": "2332244", "user": 2}}, {"pk": 3, "model": "core.userprofile", "fields": {"national_id": "", "user": 3}}, {"pk": 4, "model": "core.userprofile", "fields": {"national_id": "", "user": 4}}, {"pk": 5, "model": "core.userprofile", "fields": {"national_id": "", "user": 5}}, {"pk": 6, "model": "core.userprofile", "fields": {"national_id": "", "user": 6}}, {"pk": 7, "model": "core.userprofile", "fields": {"national_id": "", "user": 7}}, {"pk": 9, "model": "core.userprofile", "fields": {"national_id": "988455", "user": 11}}, {"pk": 10, "model": "core.userprofile", "fields": {"national_id": "873874", "user": 9}}, {"pk": 11, "model": "core.userprofile", "fields": {"national_id": "2323233", "user": 8}}, {"pk": 12, "model": "core.userprofile", "fields": {"national_id": "237232", "user": 10}}, {"pk": 13, "model": "core.userprofile", "fields": {"national_id": "69558476", "user": 12}}, {"pk": 14, "model": "core.userprofile", "fields": {"national_id": "7070676", "user": 13}}]